vegas_team,crowds_team,silver_team_id,silver_team,benz_team,massey_team,logo_urlUConn Huskies,UConn,41,Connecticut,UConn,Connecticut,https://upload.wikimedia.org/wikipedia/en/thumb/b/b0/Connecticut_Huskies_logo.svg/192px-Connecticut_Huskies_logo.svg.pngHouston Cougars,Houston,248,Houston,Houston,Houston,https://upload.wikimedia.org/wikipedia/commons/thumb/e/e8/Houston_Cougars_primary_logo.svg/252px-Houston_Cougars_primary_logo.svg.pngPurdue Boilermakers,Purdue,2509,Purdue,Purdue,Purdue,https://upload.wikimedia.org/wikipedia/commons/thumb/3/35/Purdue_Boilermakers_logo.svg/320px-Purdue_Boilermakers_logo.svg.pngArizona Wildcats,Arizona,12,Arizona,Arizona,Arizona,https://upload.wikimedia.org/wikipedia/commons/thumb/3/34/Arizona_Wildcats_logo.svg/200px-Arizona_Wildcats_logo.svg.pngTennessee Volunteers,Tennessee,2633,Tennessee,Tennessee,Tennessee,https://upload.wikimedia.org/wikipedia/commons/thumb/e/e3/Tennessee_Volunteers_logo.svg/240px-Tennessee_Volunteers_logo.svg.pngNorth Carolina Tar Heels,North Carolina,153,North Carolina,North Carolina,North Carolina,https://upload.wikimedia.org/wikipedia/commons/thumb/d/d7/North_Carolina_Tar_Heels_logo.svg/304px-North_Carolina_Tar_Heels_logo.svg.pngDuke Blue Devils,Duke,150,Duke,Duke,Duke,https://upload.wikimedia.org/wikipedia/commons/thumb/e/e1/Duke_Athletics_logo.svg/200px-Duke_Athletics_logo.svg.pngCreighton Bluejays,Creighton,156,Creighton,Creighton,Creighton,https://upload.wikimedia.org/wikipedia/en/thumb/6/6f/Creighton_Bluejays_logo.svg/238px-Creighton_Bluejays_logo.svg.pngMarquette Golden Eagles,Marquette,269,Marquette,Marquette,Marquette,https://upload.wikimedia.org/wikipedia/commons/thumb/e/e8/Marquette_Golden_Eagles_logo.svg/320px-Marquette_Golden_Eagles_logo.svg.pngAuburn Tigers,Auburn,2,Auburn,Auburn,Auburn,https://upload.wikimedia.org/wikipedia/commons/thumb/1/15/Auburn_Tigers_logo.svg/200px-Auburn_Tigers_logo.svg.pngIllinois Fighting Illini,Illinois,356,Illinois,Illinois,Illinois,https://upload.wikimedia.org/wikipedia/commons/thumb/9/91/Illinois_Fighting_Illini_logo.svg/166px-Illinois_Fighting_Illini_logo.svg.pngAlabama Crimson Tide,Alabama,333,Alabama,Alabama,Alabama,https://upload.wikimedia.org/wikipedia/commons/thumb/1/1b/Alabama_Crimson_Tide_logo.svg/200px-Alabama_Crimson_Tide_logo.svg.pngIowa State Cyclones,Iowa State,66,Iowa State,Iowa St.,Iowa St,https://upload.wikimedia.org/wikipedia/commons/thumb/f/f9/Iowa_State_Cyclones_logo.svg/320px-Iowa_State_Cyclones_logo.svg.pngKansas Jayhawks,Kansas,2305,Kansas,Kansas,Kansas,https://upload.wikimedia.org/wikipedia/commons/thumb/9/90/Kansas_Jayhawks_1946_logo.svg/1920px-Kansas_Jayhawks_1946_logo.svg.pngBaylor Bears,Baylor,239,Baylor,Baylor,Baylor,https://upload.wikimedia.org/wikipedia/commons/thumb/b/b0/2018_Baylor_Athletics_Logo.png/208px-2018_Baylor_Athletics_Logo.pngKentucky Wildcats,Kentucky,96,Kentucky,Kentucky,Kentucky,https://upload.wikimedia.org/wikipedia/commons/thumb/b/b6/Kentucky_Wildcats_logo.svg/293px-Kentucky_Wildcats_logo.svg.pngBYU Cougars,BYU,252,Brigham Young,BYU,BYU,https://upload.wikimedia.org/wikipedia/commons/thumb/9/95/BYU_Cougars_logo.svg/320px-BYU_Cougars_logo.svg.pngFlorida Gators,Florida,57,Florida,Florida,Florida,https://upload.wikimedia.org/wikipedia/en/thumb/1/14/Florida_Gators_gator_logo.svg/320px-Florida_Gators_gator_logo.svg.pngMichigan St Spartans,Michigan St,127,Michigan State,Michigan St.,Michigan St,https://upload.wikimedia.org/wikipedia/en/thumb/a/a7/Michigan_State_Athletics_logo.svg/208px-Michigan_State_Athletics_logo.svg.pngSan Diego St Aztecs,San Diego St,21,San Diego State,San Diego St.,San Diego St,https://upload.wikimedia.org/wikipedia/commons/thumb/7/7c/San_Diego_State_Aztecs_logo.svg/320px-San_Diego_State_Aztecs_logo.svg.pngGonzaga Bulldogs,Gonzaga,2250,Gonzaga,Gonzaga,Gonzaga,https://upload.wikimedia.org/wikipedia/en/thumb/b/bd/Gonzaga_Bulldogs_logo.svg/301px-Gonzaga_Bulldogs_logo.svg.pngSaint Mary's Gaels,Saint Mary's,2608,Saint Mary's,Saint Mary's (CA),St Mary's CA,https://upload.wikimedia.org/wikipedia/commons/thumb/7/7c/Saint_Mary%27s_College_Gaels_logo.svg/300px-Saint_Mary%27s_College_Gaels_logo.svg.pngWashington St Cougars,Washington St,265,Washington State,Washington St.,Washington St,https://upload.wikimedia.org/wikipedia/en/thumb/0/07/Washington_State_Cougars_logo.svg/252px-Washington_State_Cougars_logo.svg.pngSouth Carolina Gamecocks,South Carolina,2579,South Carolina,South Carolina,South Carolina,https://upload.wikimedia.org/wikipedia/commons/thumb/9/94/South_Carolina_Gamecocks_logo.svg/219px-South_Carolina_Gamecocks_logo.svg.pngMississippi St Bulldogs,Mississippi St,344,Mississippi State,Mississippi St.,Mississippi St,https://upload.wikimedia.org/wikipedia/commons/thumb/3/36/Mississippi_State_Bulldogs_logo.svg/320px-Mississippi_State_Bulldogs_logo.svg.pngClemson Tigers,Clemson,228,Clemson,Clemson,Clemson,https://upload.wikimedia.org/wikipedia/commons/thumb/7/72/Clemson_Tigers_logo.svg/251px-Clemson_Tigers_logo.svg.pngTexas Tech Red Raiders,Texas Tech,2641,Texas Tech,Texas Tech,Texas Tech,https://upload.wikimedia.org/wikipedia/commons/thumb/4/4e/Texas_Tech_Athletics_logo.svg/207px-Texas_Tech_Athletics_logo.svg.pngTCU Horned Frogs,TCU,2628,TCU,TCU,TCU,https://upload.wikimedia.org/wikipedia/commons/thumb/1/15/TCU_Horned_Frogs_logo.svg/320px-TCU_Horned_Frogs_logo.svg.pngWisconsin Badgers,Wisconsin,275,Wisconsin,Wisconsin,Wisconsin,https://upload.wikimedia.org/wikipedia/commons/thumb/e/e5/Wisconsin_Badgers_logo.svg/254px-Wisconsin_Badgers_logo.svg.pngUtah State Aggies,Utah State,328,Utah State,Utah St.,Utah St,https://upload.wikimedia.org/wikipedia/commons/thumb/5/59/Utah_State_Aggies_logo.svg/317px-Utah_State_Aggies_logo.svg.pngFlorida Atlantic Owls,FAU,2226,Florida Atlantic,Fla. Atlantic,FL Atlantic,https://upload.wikimedia.org/wikipedia/en/thumb/4/40/Florida_Atlantic_Owls_logo.svg/320px-Florida_Atlantic_Owls_logo.svg.pngColorado Buffaloes,Colorado,38,Colorado,Colorado,Colorado,https://upload.wikimedia.org/wikipedia/en/thumb/d/d3/Colorado_Buffaloes_logo.svg/320px-Colorado_Buffaloes_logo.svg.pngTexas Longhorns,Texas,251,Texas,Texas,Texas,https://upload.wikimedia.org/wikipedia/commons/thumb/8/8d/Texas_Longhorns_logo.svg/320px-Texas_Longhorns_logo.svg.pngNew Mexico Lobos,New Mexico,167,New Mexico,New Mexico,New Mexico,https://upload.wikimedia.org/wikipedia/en/thumb/4/45/New_Mexico_Lobos_logo.svg/195px-New_Mexico_Lobos_logo.svg.pngDayton Flyers,Dayton,2168,Dayton,Dayton,Dayton,https://upload.wikimedia.org/wikipedia/commons/thumb/d/d0/Dayton_Flyers_logo.svg/320px-Dayton_Flyers_logo.svg.pngVillanova Wildcats,Villanova,,,,,https://upload.wikimedia.org/wikipedia/commons/thumb/2/23/Villanova_Wildcats_logo.svg/269px-Villanova_Wildcats_logo.svg.pngOklahoma Sooners,Oklahoma,,,,,https://upload.wikimedia.org/wikipedia/commons/thumb/6/61/Oklahoma_Sooners_logo.svg/186px-Oklahoma_Sooners_logo.svg.pngColorado St Rams,Colorado State,36,Colorado State,Colorado St.,Colorado St,https://upload.wikimedia.org/wikipedia/en/thumb/1/14/Colorado_State_Rams_logo.svg/240px-Colorado_State_Rams_logo.svg.pngUtah Utes,Utah,,,,,https://upload.wikimedia.org/wikipedia/commons/thumb/b/be/Utah_Utes_logo.svg/263px-Utah_Utes_logo.svg.pngSt. John's Red Storm,St. John's (NY),,,,,https://upload.wikimedia.org/wikipedia/commons/thumb/6/62/St._John%27s_Red_Storm_logo.svg/172px-St._John%27s_Red_Storm_logo.svg.pngWake Forest Demon Deacons,Wake Forest,,,,,https://upload.wikimedia.org/wikipedia/commons/thumb/1/1a/Wake_Forest_University_Athletic_logo.svg/320px-Wake_Forest_University_Athletic_logo.svg.pngNorthwestern Wildcats,Northwestern,77,Northwestern,Northwestern,Northwestern,https://upload.wikimedia.org/wikipedia/commons/thumb/7/7c/Northwestern_Wildcats_logo.svg/156px-Northwestern_Wildcats_logo.svg.pngNebraska Cornhuskers,Nebraska,158,Nebraska,Nebraska,Nebraska,https://upload.wikimedia.org/wikipedia/commons/thumb/e/e5/Nebraska_Cornhuskers_logo.svg/240px-Nebraska_Cornhuskers_logo.svg.pngNevada Wolf Pack,Nevada,2440,Nevada,Nevada,Nevada,https://upload.wikimedia.org/wikipedia/en/thumb/2/21/Nevada_Wolf_Pack_logo.svg/320px-Nevada_Wolf_Pack_logo.svg.pngBoise State Broncos,Boise State,68,Boise State,Boise St.,Boise St,https://upload.wikimedia.org/wikipedia/commons/thumb/6/61/Boise_State_%22B%22_logo.svg/150px-Boise_State_%22B%22_logo.svg.pngIndiana St Sycamores,Indiana St.,,,,,https://upload.wikimedia.org/wikipedia/commons/thumb/7/7f/Indiana_State_Sycamores_logo.svg/250px-Indiana_State_Sycamores_logo.svg.pngVirginia Cavaliers,Virginia,258,Virginia,Virginia,Virginia,https://upload.wikimedia.org/wikipedia/en/thumb/d/d1/Virginia_Cavaliers_sabre.svg/320px-Virginia_Cavaliers_sabre.svg.pngOregon Ducks,Oregon,2483,Oregon,Oregon,Oregon,https://upload.wikimedia.org/wikipedia/commons/thumb/f/f8/Oregon_Ducks_logo.svg/290px-Oregon_Ducks_logo.svg.pngCincinnati Bearcats,Cincinnati,,,,#N/A,https://upload.wikimedia.org/wikipedia/commons/2/2c/Cincinnati_Bearcats_logo.svgPittsburgh Panthers,Pittsburgh,,,,#N/A,https://upload.wikimedia.org/wikipedia/commons/thumb/4/44/Pitt_Panthers_wordmark.svg/320px-Pitt_Panthers_wordmark.svg.pngButler Bulldogs,Butler,,,,#N/A,https://upload.wikimedia.org/wikipedia/en/thumb/0/06/Butler_Bulldogs_logo.svg/245px-Butler_Bulldogs_logo.svg.pngTexas A&M Aggies,Texas A&M,245,Texas A&M,Texas A&M,Texas A&M,https://upload.wikimedia.org/wikipedia/commons/thumb/e/ee/Texas_A%26M_University_logo.svg/292px-Texas_A%26M_University_logo.svg.pngIowa Hawkeyes,Iowa,,Iowa,Iowa,Iowa,https://upload.wikimedia.org/wikipedia/en/thumb/7/7b/Iowa_Hawkeyes_logo.svg/320px-Iowa_Hawkeyes_logo.svg.pngMinnesota Golden Gophers,Minnesota,,,Minnesota,#N/A,https://upload.wikimedia.org/wikipedia/commons/thumb/f/f9/Minnesota_Golden_Gophers_logo.svg/320px-Minnesota_Golden_Gophers_logo.svg.pngDrake Bulldogs,Drake,2181,Drake,Drake,Drake,https://upload.wikimedia.org/wikipedia/commons/thumb/c/c7/Drake_Bulldogs_%22D%22_logo.svg/261px-Drake_Bulldogs_%22D%22_logo.svg.pngBradley Braves,Bradley,,,,,https://upload.wikimedia.org/wikipedia/commons/thumb/7/7b/Bradley_Braves_logo.svg/200px-Bradley_Braves_logo.svg.pngGrand Canyon Antelopes,Grand Canyon,2253,Grand Canyon,Grand Canyon,Grand Canyon,https://upload.wikimedia.org/wikipedia/commons/thumb/c/cf/Grand_Canyon_Antelopes_logo.svg/320px-Grand_Canyon_Antelopes_logo.svg.pngMcNeese Cowboys,McNeese,2377,McNeese State,McNeese,McNeese St,https://upload.wikimedia.org/wikipedia/en/thumb/f/f7/McNeese_State_Athletics_logo.svg/224px-McNeese_State_Athletics_logo.svg.pngUC Irvine Anteaters,UC Irvine,,,,,https://upload.wikimedia.org/wikipedia/commons/thumb/b/b6/UC_Irvine_Anteaters_logo.svg/227px-UC_Irvine_Anteaters_logo.svg.pngSouth Florida Bulls,South Fla.,,,,,https://upload.wikimedia.org/wikipedia/en/thumb/c/c1/South_Florida_Bulls_logo.svg/300px-South_Florida_Bulls_logo.svg.pngSMU Mustangs,SMU,,,,,https://upload.wikimedia.org/wikipedia/commons/thumb/3/33/SMU_Mustang_logo.svg/320px-SMU_Mustang_logo.svg.pngProvidence Friars,Providence,,,,,https://upload.wikimedia.org/wikipedia/commons/5/5f/Providence_Friars_P_script_logo.gifOhio State Buckeyes,Ohio St.,,,,,https://upload.wikimedia.org/wikipedia/commons/thumb/c/c1/Ohio_State_Buckeyes_logo.svg/244px-Ohio_State_Buckeyes_logo.svg.pngStanford Cardinal,Stanford,,,,,https://upload.wikimedia.org/wikipedia/commons/thumb/4/4b/Stanford_Cardinal_logo.svg/157px-Stanford_Cardinal_logo.svg.pngSyracuse Orange,Syracuse,,,,,https://upload.wikimedia.org/wikipedia/commons/thumb/4/49/Syracuse_Orange_logo.svg/177px-Syracuse_Orange_logo.svg.pngVirginia Tech Hokies,Virginia Tech,,,,,https://upload.wikimedia.org/wikipedia/commons/thumb/6/60/Virginia_Tech_Hokies_logo.svg/320px-Virginia_Tech_Hokies_logo.svg.pngUCLA Bruins,UCLA,,,,,https://upload.wikimedia.org/wikipedia/commons/thumb/e/ed/UCLA_Bruins_script.svg/320px-UCLA_Bruins_script.svg.pngOle Miss Rebels,Ole Miss,,,,,https://upload.wikimedia.org/wikipedia/commons/thumb/b/bf/Ole_Miss_Rebels_logo.svg/320px-Ole_Miss_Rebels_logo.svg.pngGeorgia Bulldogs,Georgia,,,,,https://upload.wikimedia.org/wikipedia/commons/thumb/8/80/Georgia_Athletics_logo.svg/320px-Georgia_Athletics_logo.svg.pngKansas St Wildcats,Kansas St.,,,,,https://upload.wikimedia.org/wikipedia/en/thumb/e/e5/Kansas_State_Wildcats_logo.svg/320px-Kansas_State_Wildcats_logo.svg.pngMaryland Terrapins,Maryland,,,,,https://upload.wikimedia.org/wikipedia/commons/thumb/a/a6/Maryland_Terrapins_logo.svg/219px-Maryland_Terrapins_logo.svg.pngJames Madison Dukes,James Madison,256,James Madison,James Madison,James Madison,https://upload.wikimedia.org/wikipedia/commons/thumb/6/6d/James_Madison_University_Athletics_logo.svg/320px-James_Madison_University_Athletics_logo.svg.pngYale Bulldogs,Yale,43,Yale,Yale,Yale,https://upload.wikimedia.org/wikipedia/commons/thumb/2/2b/Yale_Bulldogs_script.svg/1024px-Yale_Bulldogs_script.svg.pngXavier Musketeers,Xavier,,,,#N/A,https://upload.wikimedia.org/wikipedia/commons/thumb/d/db/Xavier_Musketeers_logo.svg/301px-Xavier_Musketeers_logo.svg.pngNC State Wolfpack,NC State,152,North Carolina State,NC State,NC State,https://upload.wikimedia.org/wikipedia/commons/thumb/e/e1/North_Carolina_State_University_Athletic_logo.svg/202px-North_Carolina_State_University_Athletic_logo.svg.pngBoston College Eagles,Boston College,,,,,https://upload.wikimedia.org/wikipedia/en/thumb/9/96/Boston_College_Eagles_logo.svg/264px-Boston_College_Eagles_logo.svg.pngWashington Huskies,Washington,,,,,https://upload.wikimedia.org/wikipedia/commons/thumb/1/17/Washington_Huskies_logo.svg/320px-Washington_Huskies_logo.svg.pngLSU Tigers,LSU,,,,,https://upload.wikimedia.org/wikipedia/commons/thumb/4/4a/LSU_Athletics_logo.svg/220px-LSU_Athletics_logo.svg.pngArkansas Razorbacks,Arkansas,,,,,https://upload.wikimedia.org/wikipedia/commons/thumb/8/81/Arkansas_Razorbacks_logo.svg/200px-Arkansas_Razorbacks_logo.svg.pngUCF Knights,UCF,,,,,https://upload.wikimedia.org/wikipedia/commons/thumb/f/fd/UCF_Knights_logo.svg/299px-UCF_Knights_logo.svg.pngPenn State Nittany Lions,Penn St.,,,,,https://upload.wikimedia.org/wikipedia/en/thumb/3/3a/Penn_State_Nittany_Lions_logo.svg/320px-Penn_State_Nittany_Lions_logo.svg.pngMemphis Tigers,Memphis,,,,,https://a.espncdn.com/combiner/i?img=/i/teamlogos/ncaa/500/235.png&h=200&w=200VCU Rams,VCU,,,,,https://upload.wikimedia.org/wikipedia/commons/thumb/b/bf/VCU_Rams_logo.svg/320px-VCU_Rams_logo.svg.pngNorth Texas Mean Green,North Texas,,,,,https://upload.wikimedia.org/wikipedia/en/thumb/a/a2/North_Texas_Mean_Green_logo.svg/215px-North_Texas_Mean_Green_logo.svg.pngCharleston Cougars,Charleston,232,Charleston,Col. of Charleston,Col Charleston,https://upload.wikimedia.org/wikipedia/commons/thumb/0/05/College_of_Charleston_Cougars_logo.svg/206px-College_of_Charleston_Cougars_logo.svg.pngMiami Hurricanes,Miami (FL),,,,,https://upload.wikimedia.org/wikipedia/commons/thumb/e/e9/Miami_Hurricanes_logo.svg/320px-Miami_Hurricanes_logo.svg.pngAppalachian St Mountaineers,App State,,,,,https://upload.wikimedia.org/wikipedia/commons/thumb/a/a9/Appalachian_State_Mountaineers_logo.svg/200px-Appalachian_State_Mountaineers_logo.svg.pngUNLV Rebels,UNLV,,,,,https://upload.wikimedia.org/wikipedia/commons/thumb/f/f6/UNLV_Rebels_wordmark.svg/320px-UNLV_Rebels_wordmark.svg.pngDuquesne Dukes,Duquesne,2184,Duquesne,Duquesne,Duquesne,https://upload.wikimedia.org/wikipedia/commons/thumb/8/84/Duquesne_Dukes.svg/115px-Duquesne_Dukes.svg.pngUAB Blazers,UAB,5,UAB,UAB,UAB,https://upload.wikimedia.org/wikipedia/en/thumb/f/ff/UAB_Blazers_logo.svg/283px-UAB_Blazers_logo.svg.pngSamford Bulldogs,Samford,2535,Samford,Samford,Samford,https://upload.wikimedia.org/wikipedia/en/thumb/b/b9/Samford_Bulldogs_logo.svg/320px-Samford_Bulldogs_logo.svg.pngMorehead St Eagles,Morehead St,2413,Morehead State,Morehead St.,Morehead St,https://upload.wikimedia.org/wikipedia/en/thumb/1/12/Morehead_State_Eagles_logo.svg/243px-Morehead_State_Eagles_logo.svg.pngOakland Golden Grizzlies,Oakland,2473,Oakland,Oakland,Oakland,https://upload.wikimedia.org/wikipedia/en/thumb/8/86/Oakland_Golden_Grizzlies_logo.svg/303px-Oakland_Golden_Grizzlies_logo.svg.pngVermont Catamounts,Vermont,261,Vermont,Vermont,Vermont,https://upload.wikimedia.org/wikipedia/en/thumb/3/34/Vermont_Catamounts_logo.svg/246px-Vermont_Catamounts_logo.svg.pngAkron Zips,Akron,2006,Akron,Akron,Akron,https://upload.wikimedia.org/wikipedia/commons/thumb/3/3c/Akron_Zips_logo.svg/200px-Akron_Zips_logo.svg.pngLong Beach St 49ers,Long Beach St,299,Long Beach State,Long Beach St.,Long Beach St,https://upload.wikimedia.org/wikipedia/commons/thumb/2/29/Long_Beach_State_Athletics_logo.svg/197px-Long_Beach_State_Athletics_logo.svg.pngGrambling St Tigers,Grambling St,2755,Grambling State,Grambling,Grambling,https://upload.wikimedia.org/wikipedia/commons/thumb/1/1b/Grambling_State_Tigers_logo.svg/320px-Grambling_State_Tigers_logo.svg.pngLongwood Lancers,Longwood,2344,Longwood,Longwood,Longwood,https://upload.wikimedia.org/wikipedia/en/thumb/5/5f/Longwood_Lancers_logo.svg/320px-Longwood_Lancers_logo.svg.pngStetson Hatters,Stetson,56,Stetson,Stetson,Stetson,https://upload.wikimedia.org/wikipedia/en/1/17/Stetson_Hatters_logo_%282018%29.pngWagner Seahawks,Wagner,2681,Wagner,Wagner,Wagner,https://upload.wikimedia.org/wikipedia/en/thumb/6/63/Wagner_Seahawks_logo.svg/320px-Wagner_Seahawks_logo.svg.pngColgate Raiders,Colgate,2142,Colgate,Colgate,Colgate,https://upload.wikimedia.org/wikipedia/commons/thumb/e/ef/Colgate_Raiders_logo.svg/189px-Colgate_Raiders_logo.svg.pngMontana St Bobcats,Montana St,147,Montana State,Montana St.,Montana St,https://upload.wikimedia.org/wikipedia/en/thumb/2/2f/Montana_State_Bobcats_logo.svg/320px-Montana_State_Bobcats_logo.svg.pngHoward Bison,Howard,47,Howard,Howard,Howard,https://upload.wikimedia.org/wikipedia/en/thumb/b/b4/Howard_Bison_logo.svg/186px-Howard_Bison_logo.svg.pngSaint Peter's Peacocks,Saint Peters,2612,St. Peter's,Saint Peter's,St Peter's,https://upload.wikimedia.org/wikipedia/en/9/97/Saint_Peter%27s_Peacocks_logo.svgWestern Kentucky Hilltoppers,Western KY,98,Western Kentucky,Western Ky.,WKU,https://upload.wikimedia.org/wikipedia/en/thumb/1/1d/WKU_Athletics_logo.svg/320px-WKU_Athletics_logo.svg.pngSouth Dakota St Jackrabbits,S Dakota St,2571,South Dakota State,South Dakota St.,S Dakota St,https://upload.wikimedia.org/wikipedia/en/thumb/2/25/South_Dakota_State_Jackrabbits_logo.svg/315px-South_Dakota_State_Jackrabbits_logo.svg.png